<?xml version="1.0" encoding="UTF-8"?>
<!DOCTYPE mapper
  PUBLIC "-//mybatis.org//DTD Mapper 3.0//EN"
  "http://mybatis.org/dtd/mybatis-3-mapper.dtd">
<mapper namespace="com.goodee.dao.ExampleDAO2">
	<select id="getlist" resultType="TestVO2">
		select id, data1, data2, data3 from examtable
	</select>
	
	<insert id="setdata" keyProperty="id">
		insert into examtable(data1, data2, data3) values(#{data1}, #{data2}, #{data3})
	</insert>
	
	<insert id="setdataFatch" keyProperty="id">
		insert into examtable(data1, data2, data3) values(#{data1}, #{data2}, #{data3})
	</insert>
	
	<update id="updatedata">
		UPDATE examtable SET DATA1=#{data1}, DATA2=#{data2}, DATA3=#{data3}
		WHERE id = #{id};
	</update>
	
	<update id="updatedata2">
		UPDATE examtable SET DATA2=#{data2}, DATA3=#{data3}
		WHERE data1 = #{data1};
	</update>
		
	<delete id="delete8">
		delete from examtable where id=#{id}
	</delete>
	
	<delete id="delete9">
		delete from examtable where data1=#{data1} and data2=#{data2} and data3=#{data3}
	</delete>
</mapper>